step,vehicle_count,avg_speed,co2_emission,congestion
0,1,0.0,1521.0,0
1,1,2.0296243834774943,3538.964349935945,0
2,2,1.992025068739895,2804.2297005452224,0
3,3,2.777434615418315,3596.0518817201214,0
4,3,4.682152148297368,4257.37384395797,0
5,4,4.7815886272175705,3749.94301141509,0
6,5,5.356085879798047,4282.640282535247,0
7,5,5.782844398401118,2639.029269487938,0
8,6,4.613396993927425,2473.9835037491907,0
9,7,5.379215764788905,3934.6260538838646,0
10,7,6.403522500483248,3667.8991711848207,0
11,8,5.46766397386262,2674.6810365965384,0
12,9,6.31052622862376,4658.421074110816,0
13,9,7.746829141297182,4833.060265566105,0
14,10,7.699504531838345,4142.031606545423,0
15,11,6.795986874432331,2771.5692352850947,0
16,11,7.300035641333648,4226.536111979987,0
17,12,7.762000893648268,3962.3601100363376,0
18,13,7.839174777417492,3216.6770770847206,0
19,13,8.778245499394092,3733.4039983557236,0
20,14,8.624763347691617,3321.799807260912,0
21,15,9.014022265321051,4112.1119795214345,0
22,15,9.270978112335007,2997.7758149548927,0
23,16,8.760637270308177,2969.225518542031,0
24,17,8.973506800323259,4130.788907650977,0
25,17,9.434921492811162,3440.3854791031517,0
26,18,8.820362042072057,3645.2323676013734,0
27,19,8.305245178191845,3103.7592319187693,0
28,19,8.972291584168792,4562.838116653373,0
29,20,8.632109697276231,3505.1995796327465,0
30,21,8.404984027114086,3012.911384286125,0
31,21,8.860873874966652,3238.2809751161453,0
32,22,8.788562870381684,3523.1857590144805,0
33,23,8.788196736964098,3174.9821632782814,0
34,23,8.656829367936307,2274.400125746882,0
35,24,7.732667979870503,2340.8690748915647,0
36,25,6.919428826932344,2146.2750147824318,0
37,25,6.653643762211436,2261.0787311991644,0
38,26,6.897223143930389,3466.977955058171,0
39,26,7.212960829765327,3804.4233263543574,0
40,26,7.396483707412822,3101.329017386454,0
41,27,7.067215995579092,2941.1031080831244,0
42,28,6.618267762586924,3038.1524573675565,0
43,28,6.8087593533828175,3211.2506882421326,0
44,29,6.711328355459308,3000.8676367313074,0
45,30,7.043392617765122,3625.2171047563857,0
46,30,7.715554189648017,3485.58628252437,0
47,31,7.816843370628277,3640.563812572456,0
48,32,7.877824849194102,3456.2252511675906,0
49,32,8.497358887501989,4258.051495983306,0
50,33,8.472893949621621,3885.6256259104834,0
51,34,8.251514460466169,3505.344308721454,0
52,34,8.834175626656375,3939.026656949001,0
53,35,9.490312517999532,4674.9068242165495,0
54,36,9.655598001938877,3775.6445933324826,0
55,36,9.642823468059198,3518.8720258343124,0
56,37,9.02416389192871,3056.6513229287466,0
57,38,8.638169125913251,3205.68175170833,0
58,38,8.296975635575885,3332.3173270219877,0
59,39,8.274304764186017,3299.525616747295,0
60,40,8.356150684699173,3126.91483223093,0
61,40,8.743246497894592,3795.6036770499004,0
62,41,8.931437569605315,4164.276962325361,0
63,42,8.823738987477643,3292.0512668607894,0
64,41,9.084239326024235,4188.377692220146,0
65,42,9.065858677879037,4033.6108024211203,0
66,43,9.364500483985507,4001.2526248053455,0
67,43,9.897598800167707,4203.8432068633065,0
68,44,9.820827776870308,3774.2927435584284,0
69,45,9.993135395137612,4147.329869828889,0
70,45,10.132729260722867,3426.7691086285645,0
71,46,10.287645734196676,3638.0212177733647,0
72,47,10.043668773277899,3216.91927006701,0
73,47,9.828155054060067,2851.749240990642,0
74,48,9.865549504816448,3324.947329531842,0
75,49,10.144951699219407,3741.370827323346,0
76,49,10.641650986074394,3533.087404469572,0
77,50,10.52717551725741,2989.732982929165,0
78,51,10.133394626673791,2472.6569333329085,0
79,51,10.358102413052706,3483.703017517445,0
80,52,10.337012163140269,2998.537620471371,0
81,53,10.313528168861277,2995.8741264246987,0
82,53,10.351679028317914,2952.9054107314837,0
83,54,10.249288784891148,2876.3256464015144,0
84,55,10.189462134505725,3114.0600411452797,0
85,55,10.246226063463133,3134.3539424564005,0
86,56,10.394546383344139,3429.2803662204574,0
87,56,10.02847039833913,2903.960742203896,0
88,56,10.058004127528287,3035.029042918861,0
89,57,9.89413295748502,2927.315953261255,0
90,58,9.558929071964144,2244.4803560566634,0
91,58,9.279675713298525,2343.0752409921943,0
92,59,9.040815746182602,2252.7353686845554,0
93,60,8.901588896673823,2773.3113347140966,0
94,60,8.84507637085241,2566.925309548512,0
95,61,8.648879702732373,2902.659003246312,0
96,62,8.395648387824291,2372.2415358309495,0
97,62,8.107305491716769,2209.1113405537862,0
98,63,7.7320924327524825,2367.714095471122,0
99,64,7.569371751928266,2609.2566478984622,0
100,64,7.852926045188567,3146.3059247502956,0
101,65,7.977403408070729,2983.3791528163442,0
102,66,7.906634476608582,2997.4887270702047,0
103,66,7.856737364656037,2706.307962364982,0
104,67,7.691704813837722,2485.1220827603975,0
105,68,7.583965314098614,2784.6391491555946,0
106,68,7.66089049017678,2686.7499839168145,0
107,69,7.466876814686628,2489.385505082225,0
108,70,7.576185311903532,2873.840488675119,0
109,70,7.82119121091761,2873.570998444538,0
110,71,7.861176300960577,2819.3764132763336,0
111,72,7.775923528846369,2614.6168040697357,0
112,72,8.039882230275472,2970.135699105027,0
113,73,8.19418618304024,2880.6984612972415,0
114,74,8.420733434126122,3120.381020855716,0
115,74,8.434111313062056,2828.9478611367117,0
116,74,8.130926988630875,2750.4285895200082,0
117,75,8.147795515459508,3066.694740457181,0
118,75,8.379169253690346,3104.566934010509,0
119,74,8.440523077215918,2560.7137897085054,0
120,75,8.570828895213193,3134.8668463311515,0
121,75,8.656820387689391,2664.355813724183,0
122,76,8.656200783927297,2973.9347390664225,0
123,77,8.380691429992538,2446.3125200228965,0
124,77,8.304845930482344,2756.327546144533,0
125,78,8.000381863082183,2526.594847390232,0
126,79,7.749625735091873,2146.8983276157137,0
127,79,7.719335718944194,2736.1330821331117,0
128,80,7.636070925519711,2940.505033942643,0
129,80,7.566343599434086,2655.012882071963,0
130,80,7.459927159464113,2856.6855874807598,0
131,81,7.218893922293831,2308.9599943730323,0
132,83,7.089459010059389,2744.481510968138,0
133,83,6.909826593274062,2042.224699305521,0
134,84,6.926570152608559,2603.362174583506,0
135,85,6.948415011391699,2725.227572986783,0
136,84,6.590320435489163,2233.8152509073734,0
137,85,6.648382559297853,2957.7173495688025,0
138,86,6.72961347019109,2808.9189705146446,0
139,86,6.6799353455782615,2811.892018195819,0
140,87,6.482184563333326,2642.7912795165003,0
141,88,6.379060158989955,2755.80250728781,0
142,87,6.305424495242782,2293.1173737155527,0
143,88,6.552821611106801,2613.166085007869,0
144,88,6.658135183377973,2803.0432041154227,0
145,88,6.7552492214868645,2574.731460738367,0
146,89,6.7500253469753835,2412.102656917954,0
147,90,6.960445969571335,2916.0717504314575,0
148,90,7.075525144831056,2858.764575167959,0
149,91,6.9855089092736495,2631.5953314774006,0
150,92,6.6287876711144555,2324.2669643233235,0
151,92,6.662709224036869,2455.784095246834,0
152,93,6.577756049250407,2477.642564906983,0
153,94,6.376233030491023,2337.7169240782923,0
154,94,6.224306906423462,2503.3880559213076,0
155,95,6.117823776403047,2673.8378117490556,0
156,96,6.0158464433103065,2413.420710764014,0
157,96,6.174617801774091,2696.500006628045,0
158,97,6.180564118901727,2618.4843906876276,0
159,98,6.114375022746466,2340.6406086859665,0
160,98,5.8625790333704915,2160.714490926772,0
161,99,5.7540266326809,2150.679634454692,0
162,100,5.817941606453746,2636.352753176131,0
163,100,5.890301147708323,2650.2745981342964,0
164,101,5.977707009248528,2615.1816966335773,0
165,102,5.997453492368688,2617.470391075366,0
166,101,5.883828333336037,2370.655896041967,0
167,102,5.636479105374652,2111.0542370431067,0
168,103,5.433893893224726,2326.0441327336875,0
169,103,5.359502479840326,2251.885952075027,0
170,104,5.352977847844335,2514.467959444683,0
171,105,5.361770077825173,2378.914175928055,0
172,105,5.505937859128263,2690.9848045166777,0
173,106,5.548644436253533,2436.4284696987934,0
174,107,5.350831482389103,1894.0002962219103,0
175,107,5.343335472441669,2154.2640242586003,0
176,107,5.080971643569288,1950.4432881891923,0
177,108,5.051900868260495,2196.221149679457,0
178,108,5.0600899412930325,2087.2474700163507,0
179,109,5.083646595849306,2402.73307277349,0
180,110,5.083256810906566,2296.386028120652,0
181,110,5.203698922854692,2537.4274224413607,0
182,111,5.1322623057401175,2535.9539066030825,0
183,112,5.224315277301531,2539.2145022735926,0
184,112,5.326375060352414,2412.5451638603618,0
185,113,5.282587125248787,2410.4653382600063,0
186,114,5.198414394049748,2269.6287389515396,0
187,112,5.040873914827091,2242.1985645472664,0
188,113,5.099700181815032,2427.816819360671,0
189,114,4.880214133411861,2083.3928435499306,0
190,113,4.747694137087334,2077.2682989486234,0
191,114,4.610713893358462,2107.949501673909,0
192,115,4.615170340270154,2303.7723561247167,0
193,115,4.671809889184581,2280.863043455953,0
194,116,4.747923349231387,2313.339355850358,0
195,117,4.723004274665405,2041.5712940226574,0
196,117,4.863356788665001,2290.4255661784673,0
197,118,4.968285799892227,2565.356019195892,0
198,119,4.91492759149239,2160.255672213647,0
199,119,5.011397306528866,2344.8887351991493,0
200,119,4.79548897154811,2113.5251626235613,0
201,120,4.737764021336799,2272.682507352591,0
202,120,4.595753430759032,2095.5385928254814,0
203,121,4.691148205216072,2452.212796007497,0
204,122,4.7766847324706925,2445.6279143979414,0
205,122,4.898299125891794,2447.0221429094104,0
206,123,5.021139498979355,2451.5090188240733,0
207,124,5.062000203724075,2330.412591498906,0
208,124,5.079436609242455,2073.44432380776,0
209,125,5.05152358088412,2323.338374871904,0
210,126,5.1319369411762805,2369.6164372778626,0
211,126,5.069200613572556,2289.721049288094,0
212,126,4.8381103445039875,2229.810241732709,0
213,127,4.804720733332473,2196.234278730643,0
214,127,4.929339057086708,2381.6935833817415,0
215,128,4.837020383414115,2131.684242611429,0
216,129,4.741511243803007,2185.2735731028365,0
217,129,4.824824621571543,2635.8466584719704,0
218,130,4.860204959275362,2409.0661037300115,0
219,131,4.986401102702526,2407.978078189128,0
220,130,5.086633690378424,2534.9135000900924,0
221,131,4.988014298886791,2328.3627120112683,0
222,132,4.916195696800717,2247.4943349037057,0
223,131,4.952247121028105,2610.176119709039,0
224,132,5.088499641085145,2667.9135860059505,0
225,132,5.115320242815722,2560.269164194386,0
226,130,5.002903848849306,2407.8898601696037,0
227,131,5.0026448192474815,2447.7632547397284,0
228,132,5.019956417147334,2102.4287502071247,0
229,132,5.071867143482521,2310.654818992806,0
230,132,5.088263805631235,2377.403419536916,0
231,133,5.121490498574153,2385.491373084952,0
232,133,5.080778821031396,2229.828036138649,0
233,134,4.9992258613105856,2262.4968335537305,0
234,134,4.888967855666919,2432.11344996133,0
235,134,4.96830528700259,2333.2546112517352,0
236,135,4.877691493101912,2039.3325681968295,0
237,136,4.909898021483473,2453.433302711648,0
238,136,4.794118513155845,2190.818300081928,0
239,137,4.628451147264914,2201.9483836681106,0
240,138,4.5274700441866695,2217.7008356990063,0
241,138,4.585036640500112,2335.3917887059415,0
242,138,4.722026978274425,2427.3452852565433,0
243,138,4.713250945658669,2257.878679212013,0
244,138,4.757854073919305,2333.5506208772413,0
245,138,4.707245690922159,2181.5382352185115,0
246,139,4.563654447094868,1945.100616915251,0
247,138,4.355077595528729,2081.1784575430356,0
248,139,4.241984467038787,1944.7818082255822,0
249,140,4.141644120779418,2112.636872545601,0
250,140,4.191529897439082,2185.035723251142,0
251,141,4.298182899896655,2428.935347710485,0
252,142,4.33548093433471,2412.305066436395,0
253,142,4.2244983241682945,2129.9758676731326,0
254,143,4.085586029962826,2068.419980147246,0
255,144,3.9783245904092244,2131.5318043395346,0
256,144,4.036093452398971,2155.2812783291392,0
257,145,4.075706608129314,2404.787869070751,0
258,146,4.154429426149293,2414.6578603782577,0
259,144,4.130667315580047,2367.6386221106795,0
260,145,4.213753909967003,2447.8721162458614,0
261,146,4.193555780950278,2195.481061476417,0
262,146,4.128186070320766,2088.737299044757,0
263,146,3.935137207614634,1978.9583706530864,0
264,147,4.003015177220653,2427.948866262259,0
265,147,4.081808808842119,2176.206202194146,0
266,148,4.067714776669784,2237.037279965659,0
267,149,4.0565467169223846,2339.0309982007234,0
268,149,4.1093083214853765,2326.8977484832276,0
269,150,4.079757164491454,2211.8686610898103,0
270,151,4.183016077231676,2428.9879628915296,0
271,151,4.307208845214195,2510.4875864063574,0
272,152,4.379515007765211,2278.649656984185,0
273,152,4.279596028274066,2273.0222537229733,0
274,152,4.229531001831899,2240.4267851636746,0
275,153,4.089737486293129,2150.1333199424425,0
276,154,4.041709568929993,2180.4838663086825,0
277,154,4.00987320645538,2043.5306674750354,0
278,155,3.9538722019333465,2220.9511486111237,1
279,156,4.071205144143413,2576.1967528591535,0
280,156,4.047889050067316,2168.679491866034,0
281,157,3.9475604635098183,2130.602384128148,0
282,158,3.90398365524291,2118.3483980975784,0
283,158,3.9580990343609064,2364.7134982084926,0
284,159,3.956263517035761,2226.304942544906,1
285,160,3.9207648538578317,2208.264402346905,0
286,160,3.8704906812645015,2359.945882785357,0
287,161,4.0171710167348635,2467.395530720321,0
288,162,4.1326281144648505,2360.9043658664004,0
289,162,4.342142026768752,2562.345507090327,0
290,163,4.435522901627465,2487.1043421421537,0
291,164,4.469405281088606,2337.2443170333045,0
292,163,4.4003437437789845,2160.261787785699,0
293,164,4.339654927392447,2336.9651298405024,0
294,163,4.25242652205663,2002.9557744363588,0
295,163,4.242235990958742,2110.0673166026886,0
296,163,4.163880344830967,2228.1066886788176,0
297,164,4.200360767872025,2213.2394197868807,0
298,164,4.17085383693373,2046.1987057431095,0
299,165,4.192152420758259,2168.2589804882296,0
300,166,4.198628110265529,2158.032848972108,0
301,166,4.178072156744198,2029.98557476082,0
302,167,4.050416558035108,2006.1814940502134,0
303,168,3.9898873444321756,2195.6818468776646,0
304,168,3.9210066272039987,2048.5166146382026,0
305,169,3.883274479444762,2084.561062362966,0
306,170,3.836796908496673,1884.7650042127161,0
307,170,3.953112246043069,2267.1676705170657,0
308,169,3.8485379055580093,2071.131205396511,0
309,170,3.812459064497591,2136.091211940304,0
310,170,3.7910524562928645,2051.0101298840987,0
311,171,3.825978685162906,2138.264529246192,0
312,172,3.8725300623777046,2187.100952771478,0
313,172,3.8848876160218206,2165.9186338074073,0
314,173,3.845593196129056,1903.274341057936,0
315,174,3.7271018273217558,2103.324599254088,0
316,174,3.782432951256125,2070.8482446785374,0
317,175,3.719963293412226,1884.192337434519,0
318,176,3.584416102247029,1903.9107708228926,0
319,176,3.600320110779272,2069.804564284169,1
320,177,3.619277641383601,2046.955231962323,1
321,178,3.5563973709262444,2019.7250500588448,1
322,178,3.5917388994664186,2138.550694341707,0
323,179,3.6009790032474447,2083.967169833443,1
324,180,3.5158063876015926,2143.589784655185,1
325,180,3.470299420682631,1886.1324609996173,0
326,181,3.3549651468682415,1960.1117622614895,1
327,182,3.306671328596797,1977.0064885557206,1
328,181,3.4199196140136183,2028.0176978860422,1
329,182,3.3335059745673705,1933.2488079025816,0
330,183,3.3689501354331943,2122.269603396812,1
331,183,3.3988658757793866,2129.6954981714407,1
332,184,3.522195398012425,2070.1903226347526,1
333,185,3.5221033137059643,2000.043139843052,1
334,185,3.494196698835623,1941.019737107049,0
335,185,3.5603562711261407,2155.7307886160856,1
336,185,3.545044357935377,2025.4566356127877,1
337,186,3.602348302072604,2211.658352608289,1
338,187,3.601523121602974,2284.9474815474923,1
339,187,3.432444884034885,2052.744036084586,1
340,187,3.501514861161791,2174.0186582187066,0
341,188,3.524422259898858,2278.2182319189865,1
342,188,3.477149338584981,2065.2736867521953,1
343,188,3.491781465051623,2120.016329863722,1
344,189,3.593130116338574,2301.452218051116,1
345,189,3.5286726658690206,2244.2562651777353,1
346,189,3.4782319171776934,2042.7142151511428,1
347,190,3.479553988246509,2162.7895831021397,1
348,191,3.443172691965537,1954.4527118147817,1
349,191,3.4342259814827227,2134.6161031559295,1
350,192,3.3398535519286816,1896.3702648232902,0
351,193,3.322437958929579,2038.7457623752196,1
352,193,3.4114640498045756,2107.9515559755127,1
353,194,3.4139815614796403,1929.2760413719159,0
354,195,3.428775675971694,2074.621301964097,1
355,195,3.4643045736323703,2161.8482040409062,1
356,196,3.441827774415864,2097.4453688168364,1
357,197,3.3778405390236346,2205.7361665187354,1
358,197,3.4401003530714873,2077.8751837309387,1
359,198,3.34869346119526,1935.6394603477313,0
360,199,3.503589460020286,2058.0455280680653,1
361,198,3.425110477147283,1803.1575625743349,0
362,199,3.359901313639964,1909.2534500732684,0
363,200,3.303464226569537,1990.0944705096597,1
364,200,3.292888962798881,2052.392508036581,1
365,201,3.4362956266427593,2153.2142334924115,1
366,202,3.4773639261838056,2072.5764614013865,1
367,202,3.4543286667849955,2064.6768019982233,1
368,203,3.3822295002800904,1859.8498495568065,0
369,204,3.2406919937976024,1856.2852508762426,0
370,204,3.151567580859272,1926.7202679009426,0
371,204,2.9964781641011355,1929.9025349093272,0
372,205,3.0942197861079213,2124.4334486339317,1
373,205,3.2218335921041343,2224.890483905751,1
374,206,3.26627559975449,2079.465001367946,1
375,206,3.4187483805813033,2258.141299181069,1
376,206,3.434841919006943,2141.0466991530297,1
377,207,3.279154213869111,1886.5756049706636,0
378,208,3.143307522317161,1998.8669017788864,1
379,208,3.1152840594056346,1984.0468710581042,1
380,209,2.995193844983152,1735.2931252286712,0
381,210,2.870923987064761,1763.0225384828336,0
382,210,2.8665042750247274,2030.2915962194575,1
383,211,2.8367727181946285,1911.6914202792689,0
384,212,2.7332162839349197,1830.8827087546651,0
385,212,2.6372330709482052,1686.1600627134626,0
386,213,2.5691091360431337,1799.4125491612233,0
387,214,2.494814445817714,1746.4021153063295,0
388,214,2.4855317561138155,1814.7899638489653,0
389,215,2.5327896734279673,1997.9119944458066,0
390,216,2.6424308398221683,1998.3613342508015,1
391,216,2.8065914938476615,2071.4094699644766,1
392,216,2.8666305701227675,1982.0328266029387,1
393,218,2.887350878175322,2021.2412837853835,1
394,218,2.949733717497008,1852.2621503252165,0
395,219,2.9360624889829836,2054.7630177959236,1
396,220,2.898752415919648,1936.8408158300738,1
397,220,2.880650121091618,1950.7331840854943,1
398,221,2.907585830988357,1961.8446292407064,1
399,222,3.0018149564686674,2125.7731544667977,1
400,222,3.1164242168233436,1887.7771521454722,0
401,222,3.02834584841127,2042.495845830931,1
402,223,3.035821424016499,2017.8085549403365,1
403,223,2.9808518940861357,1885.0870060152427,0
404,224,3.0173392544548983,1904.0470715395936,0
405,225,3.004489501043267,1913.3360000284722,0
406,224,2.907890992160072,1778.764107703182,0
407,225,2.9229001144516755,1969.4560416547638,1
408,225,2.8243681537608243,1879.1076655361007,0
409,225,2.867759049039946,1925.8654701572584,0
410,226,2.8813368974602076,2023.1455255975222,1
411,227,2.950915472621655,1901.332238585823,0
412,227,2.9552885321008073,1982.2862127942878,1
413,228,2.9953447905469823,1997.9592067462236,1
414,229,3.02605062712106,2049.2064655387626,1
415,229,3.0537159777692113,2175.6215409313327,0
416,230,3.026318513733565,2025.849711062614,1
417,231,2.9476177640510417,1852.765257837769,0
418,231,2.875838363156705,1990.0042552156137,1
419,231,2.7458760116527294,1921.274852424845,0
420,232,2.576151318078598,1810.2037550361308,0
421,232,2.516398737876572,1911.6401545440344,0
422,233,2.4090051387762133,1833.9940282556356,0
423,234,2.2877448117807484,1829.2242972866445,0
424,234,2.3113295520705024,1983.9239515527495,1
425,235,2.368625358059163,1934.1836307552655,0
426,236,2.4868982884684043,2039.4814070222837,1
427,236,2.6558951615677167,2044.214625891298,1
428,237,2.7337059195817393,2096.963074391099,1
429,238,2.753698689952496,2054.4156097467794,1
430,237,2.7619548945369066,1995.0678080525017,1
431,237,2.6143597084236894,1812.3091474768623,0
432,238,2.625086895678991,1869.0394726161373,0
433,238,2.7656138928813765,1961.4544583703623,1
434,239,2.7810863500025307,1955.016948603964,1
435,239,2.9285519901816994,2107.4089976396012,0
436,239,2.9522483020927135,2069.0066562519946,1
437,240,3.016455854903924,2074.6350485839685,1
438,241,3.0620557789739427,1935.9141162180802,0
439,241,3.0656112085694596,1932.7288751576205,0
440,241,2.957425580330694,1864.1134138353766,0
441,242,2.8503540325745687,1768.96353379387,0
442,242,2.7841536768670694,1729.6682697548258,0
443,243,2.615859881686337,1670.171149451164,0
444,244,2.561351807826923,1824.9513797400466,0
445,243,2.4694092922163806,1769.4532243187932,0
446,244,2.4463010147799285,1842.3144315087927,0
447,245,2.488005364629629,1978.002935134409,1
448,245,2.524610047262006,2011.0000664463425,1
449,246,2.4668224505840777,1849.6522845130048,0
450,247,2.3585268189753927,1735.4118619639382,0
451,247,2.294118277158076,1804.2234039769728,0
452,247,2.2224234376240792,1787.0051490523635,0
453,248,2.279759359409511,1970.3772132478941,1
454,248,2.2792470532007547,1864.2516495021896,0
455,249,2.286630602974066,1791.4633961046766,0
456,250,2.266029738913041,1786.5998866001028,0
457,249,2.2564555398672637,1835.8650479300745,0
458,249,2.208246366333641,1913.0863554117507,0
459,250,2.254503986052243,1927.7546174642807,0
460,250,2.317176176546204,2035.6806614143845,1
461,251,2.340269769067518,2087.4861229659705,1
462,252,2.4270909902734856,1995.6121612943055,1
463,252,2.551495997795298,2141.0975863275753,1
464,253,2.50860814079012,1799.8034178395467,0
465,254,2.4135433117688225,1777.2005125555636,0
466,254,2.34678930207836,1777.4145210923086,0
467,255,2.2765376998869162,1796.2719781967141,0
468,255,2.2449965327691928,1868.2592768555187,0
469,255,2.263809408338267,1817.5993427116564,0
470,256,2.272859143829745,1879.2101956308031,0
471,257,2.2804987949831728,1904.160352757067,0
472,257,2.29178740469803,1886.2132026996678,0
473,258,2.272459117014338,1832.803889244746,0
474,258,2.246175714330531,1908.6535357764687,0
475,258,2.331581902027015,1939.4500217970697,0
476,259,2.3093525796375665,1961.0291713804374,1
477,260,2.3018333012391725,1858.9640516377438,0
478,260,2.337345559730167,1882.6377440114256,0
479,261,2.390072568665071,1948.1539315179702,0
480,262,2.421121743698246,1936.6692433693977,0
481,262,2.359490918273202,1850.9914614232775,0
482,263,2.3216602172234726,1803.7345513246275,0
483,263,2.2563765229101307,1742.2242459221814,0
484,263,2.2676722516457657,1848.5508760877199,0
485,264,2.344900350504843,1987.6428960539074,1
486,264,2.39981232524539,2000.7757626205675,0
487,264,2.469775908447484,2049.7678958761567,1
488,265,2.4678081417664943,1864.9115838162652,0
489,266,2.5045612076761574,1951.9574472849467,0
490,266,2.5552385392771897,1943.2286837545553,0
491,267,2.604439243030375,1985.390793282383,1
492,269,2.628076417783147,1874.1463174987102,0
493,269,2.6442096798140913,1856.7064837959465,0
494,270,2.6107098171745835,1937.1644870228056,0
495,270,2.567107637682364,1877.8572807616615,0
496,270,2.571919689369219,1885.0159235072167,0
497,271,2.5169937878883153,1834.592118742543,0
498,272,2.4748504298654153,1988.129791020616,0
499,271,2.3543396192162644,1874.1216923859602,0
500,272,2.212321578464327,1733.9410567533284,0
501,273,2.172033597859983,1861.7230416581133,0
502,273,2.1332931021937775,1755.424793710197,0
503,274,2.1836584797784204,1980.3599807495373,1
504,275,2.2579868600460413,1913.5334752520978,0
505,275,2.3835033747028964,2143.5437820398056,0
506,276,2.4853227310327886,2118.7570467750934,0
507,277,2.5825465732039334,2265.4542540377824,1
508,277,2.572490853802831,1982.4270527011972,0
509,278,2.5535509597079296,1974.1865322738633,0
510,279,2.5116021131214414,1877.2639202232735,0
511,279,2.457407163923491,1859.2139121033092,0
512,280,2.3925462332027116,1846.7939662506797,0
513,281,2.376126781742338,1848.413804204293,0
514,281,2.344990646984712,1869.1729354658562,0
515,281,2.2981199982499887,1915.3688206231177,0
516,282,2.329433584207454,1968.4254546063219,1
517,282,2.285457170874026,1872.1001621422733,0
518,282,2.3070490984916696,2002.3394056551078,0
519,282,2.369259795490088,2074.2931904170086,1
520,282,2.4081074175871424,1893.3626981517127,0
521,283,2.365676129830251,1932.0376561104622,0
522,283,2.2585301079793894,1742.267797491009,0
523,283,2.280260706776597,1806.6270888062697,0
524,284,2.3163018274017415,1832.2108733466437,0
525,285,2.35342052609784,1866.9282554550439,0
526,285,2.3190946549081284,1797.4089705838026,0
527,286,2.2533566457842227,1794.1023478879622,0
528,287,2.2066188561184616,1731.729563952264,0
529,287,2.1759336440781083,1801.3566025571022,0
530,288,2.2128188838297227,1933.1236236845257,0
531,288,2.1965617519882707,1977.3953112432687,1
532,287,2.1924741467292894,1963.1999942352534,1
533,287,2.223325068975419,2065.6174318901885,1
534,288,2.2320362015093047,1895.247501016989,0
535,288,2.247963117552104,1953.832299613515,0
536,289,2.2963675734007323,2033.6794031447807,1
537,290,2.378895394591238,2043.2569073121606,1
538,290,2.4617433833761098,2044.4899888532552,1
539,291,2.5294056339057853,1922.7598022636366,0
540,292,2.531101586588624,1901.5155914482527,0
541,292,2.517812684203624,1923.8996685961515,0
542,292,2.6083705537938346,1907.6804035101127,0
543,293,2.565434224574099,1815.7898775000997,0
544,294,2.5488884333610704,1920.6486616775617,0
545,295,2.4600451060756487,1778.2828874311024,0
546,296,2.417228693487132,1773.9433371542184,0
547,296,2.4388732271514892,1877.8893884591039,0
548,297,2.4876177053114983,1786.0641000713006,0
549,298,2.447818166979181,1799.051725842706,0
550,298,2.4657047691534353,1901.4852549426937,0
551,299,2.435226013516577,1823.3780006353602,0
552,300,2.3996864744085,1748.2097893570708,0
553,300,2.3763879990554724,1829.4892552859592,0
554,301,2.3522798270126892,1826.4982045919185,0
555,301,2.322745207468731,1871.7662903424523,0
556,301,2.3531497735540308,1918.1944786175823,0
557,301,2.3749597274000984,1966.2019891913003,1
558,299,2.2076168515415473,1797.3731395557074,0
559,299,2.1575296986021653,1800.3203508457686,0
560,299,1.9623289121020449,1621.3339572289217,0
561,300,1.884706223782947,1751.1440186322825,0
562,300,1.8563438035823299,1704.6881127081135,0
563,301,1.9585768628427311,1971.6497724647704,1
564,302,1.982134892195377,1789.1374392234427,0
565,302,2.0609298643581413,1998.9895183463043,1
566,303,2.104322179079206,1878.436202440896,0
567,304,2.0722978854480787,1817.7650620432075,0
568,304,2.059805791350409,1854.7344423095335,0
569,305,2.0010103852778824,1858.1495441150416,0
570,306,2.005946685627708,1932.851899492712,1
571,306,2.0327539539490966,1887.1872438864275,0
572,307,2.059575012921799,1930.0293109109462,1
573,306,2.0627499244918153,1886.8269500452805,0
574,305,2.1547857234724064,1974.8608964695695,1
575,305,2.165168286555996,1901.4834359996562,0
576,306,2.164895767213615,1869.2448587892163,0
577,306,2.2315211051179835,1855.0369156561833,0
578,306,2.1105048880601327,1729.8491889059283,0
579,307,2.0101678824012996,1703.083913548074,0
580,306,1.9002748669999898,1731.014224315532,0
581,307,1.925922002593883,1818.4212665178786,0
582,308,1.9855644785879445,1793.0408856255087,0
583,308,2.0710171777100537,1853.5392010184717,0
584,309,2.0946655520074358,1846.5415565296532,0
585,310,2.076194595516864,1814.3451938671612,0
586,309,2.063820099084487,1833.9744769943102,0
587,308,1.9930650306532647,1803.9616334096531,0
588,309,1.994192916340909,1798.2896464071362,0
589,309,2.03768287116135,1939.0690688647867,1
590,310,1.9905790908067598,1795.556817257155,0
591,311,1.9663518738286694,1834.0211499735726,0
592,311,1.9850066453769009,1900.5149489257603,0
593,312,1.944548552179541,1925.8782313672732,1
594,313,1.8614145581396544,1753.0065844308692,0
595,313,1.7913994680991836,1763.9922563780417,0
596,314,1.8119525353405252,1838.3086192034627,0
597,315,1.8682154514970668,1846.3496200782756,0
598,315,1.9498228352949314,1986.0769164577443,0
599,316,2.0260105892169675,1967.6534797405136,0
600,316,2.0580754509082313,1938.4436661888362,1
601,316,2.052210886375671,1855.8793937055175,0
602,316,1.997635436541448,1744.7185937834925,0
603,317,1.9674245563649788,1770.1159157936736,0
604,317,2.0159021575197063,1875.0420676307942,0
605,318,2.1069855097446872,1927.8512059668428,0
606,317,2.056675016965248,1829.5896684248544,0
607,317,2.0080203686426334,1741.7190933652928,0
608,318,2.002817023325227,1832.2947974256697,0
609,321,2.0914177237052294,1870.0102852146872,1
610,321,2.124211208082859,1871.786984852418,1
611,322,2.055960494052118,1778.5279426698005,0
612,323,1.9812608704268484,1785.9130468185647,1
613,322,1.9715099831552858,1883.6176328247648,0
614,323,1.965932449591436,1814.0927657784146,1
615,324,2.0149066500985167,1839.470942278548,1
616,324,2.0357455608387216,1841.0402240214994,1
617,325,1.9945738518432612,1825.8689310567777,1
618,325,1.9112183743188857,1676.8010232265347,0
619,325,1.9227696089077522,1791.6573024725294,1
620,325,1.9641776844924994,1820.0813585912247,1
621,326,1.9419539599554991,1836.479155086279,1
622,325,1.8795527195396866,1759.4956817620136,1
623,325,1.8927832361030648,1936.9591120483421,1
624,325,1.8118875165168329,1855.1059136858962,1
625,325,1.828444482725854,1855.299668692569,1
626,326,1.8683995470711738,1919.1748670135646,1
627,327,1.8648438615109129,1902.445872159601,1
628,326,1.848189411073771,1834.3675079148354,1
629,326,1.8347872399642864,1861.2295873292417,1
630,328,1.8132792121977934,1746.9353098062118,1
631,328,1.715356910172051,1729.408322070119,1
632,329,1.7244656344686333,1808.3864882873706,1
633,330,1.6944735940869529,1641.300947076811,0
634,330,1.6466067719230695,1684.2719183222014,0
635,331,1.6288052093563878,1762.061715749244,1
636,332,1.6797017337671047,1749.6384125538175,1
637,332,1.718329635035508,1821.7358999875491,1
638,333,1.7181141656221484,1788.5260210718104,0
639,333,1.705177640034838,1801.1396621989902,1
640,332,1.7563789363566091,1911.111572823476,1
641,333,1.8824685472566984,1814.365999842138,1
642,333,1.8755642116628726,1880.2480419085657,1
643,334,2.004242351277521,1849.1175860723022,1
644,335,1.9588340410817304,1805.224679829133,1
645,335,1.9810144747690832,1958.685275357462,1
646,334,1.9877832613166764,1890.2613379522102,1
647,335,2.010633048358396,1816.795245348373,1
648,337,2.0824209605404853,1890.0230025751835,1
649,337,2.1685954306931174,1959.8378115517985,1
650,338,2.198480645568356,1811.1312797838896,1
651,338,2.250022489550853,2010.1746068981486,1
652,338,2.2853685082085495,1961.1000863787758,1
653,339,2.255507386816248,1768.0481885099598,1
654,340,2.2275742785800428,1887.899618124255,1
655,340,2.2506264139176704,1935.7884509358212,1
656,341,2.268583250372425,1934.3889427028573,1
657,342,2.2879855499993593,1964.3004166693092,1
658,342,2.2927252988154896,1871.373057928895,1
659,342,2.273921801617129,1933.4702607448519,1
660,343,2.250005671226772,1906.994829464767,1
661,343,2.2511858087736383,1947.015168552995,1
662,343,2.241584962889831,1972.7104446842893,1
663,344,2.2496658049086427,1982.1762520784541,1
664,344,2.3144372780485316,1855.9235223028484,1
665,345,2.2509208268261873,1791.272718956038,0
666,346,2.1964702620901604,1851.8284386189341,1
667,346,2.1523087203758524,1872.8663023643005,1
668,346,2.0824203319769476,1871.690331837109,1
669,346,2.075988952512655,1756.4062735305724,1
670,345,2.1401380050495913,1914.6951818740865,1
671,345,2.116370804218314,1915.1177258032185,1
672,345,2.0409706381709323,1882.5811496437973,1
673,345,2.006254733487176,1957.6866707551117,1
674,345,2.018490138919251,1954.0778389479888,1
675,346,1.9497560783135388,1870.7506517568906,1
676,345,1.9586173814359147,1963.8351066909881,1
677,346,2.0180837634405804,2084.368882480941,1
678,347,1.981255952075701,1912.9687863149313,1
679,347,1.9912000340356273,1928.8396833161373,1
680,347,1.9996119924835236,1948.763171157499,1
681,348,2.0764810073663234,1907.59446898306,1
682,348,2.029988644936675,1791.2298434042727,1
683,349,1.945641504297383,1761.7667987815496,1
684,350,1.9191194769786115,1878.4350340254691,1
685,350,1.8994369501860502,1852.1609527072749,1
686,351,1.9065965754539145,1844.9379805669198,1
687,352,1.9405742505738823,1873.1325799520419,1
688,352,1.9841989931596478,1917.8535512510584,1
689,352,1.9391259672813603,1859.598048682548,1
690,353,1.9403260572664671,1858.6840932313885,1
691,353,1.9542590643375284,1869.1773723724161,1
692,353,1.9101942612667686,1727.313879383739,1
693,353,1.8792818718527806,1734.5759574461451,1
694,353,1.8826289883700948,1786.0161317278487,1
695,354,1.9109698573656324,1819.3152038763849,1
696,354,1.8783798528822138,1812.5021455526328,1
697,354,1.8318088945550237,1702.32267282864,1
698,355,1.793317752405398,1813.3943290127195,1
699,356,1.8084303226642449,1712.4648139180306,1
700,356,1.7861042282905493,1796.2582311140297,1
701,357,1.8120751835238962,1866.6700581207256,1
702,358,1.8900326207763882,1941.409653184817,1
703,358,1.9305313556171244,1880.0205739243054,1
704,357,1.976844082804734,1938.3216549250042,1
705,358,2.016547675766791,1887.0852196763014,1
706,358,2.040634233383856,1904.100212474742,1
707,359,1.9809819284597405,1765.147894768915,1
708,360,1.981705298289735,1827.5878526976014,1
709,359,1.932292828671205,1823.2011563129902,1
710,360,1.8768396286909614,1798.4350523532692,1
711,360,1.7911949422457465,1693.8262623844416,1
712,360,1.8168899104511442,1800.2850707043895,1
713,361,1.7714207994954771,1662.9975549463757,1
714,361,1.7905144237519062,1827.3749202174583,1
715,360,1.8111704275627283,1863.1871515454902,1
716,361,1.813777705264283,1806.4571547092569,1
717,361,1.810777287542881,1846.163612234423,1
718,361,1.893696921459498,1941.4135705101758,1
719,361,1.8618447816027288,1743.8937765262685,1
720,362,1.8899448143917192,1920.6877355340666,1
721,361,1.9086251606858993,1903.0307641223078,1
722,362,1.9112721692442791,1865.0565888666013,1
723,363,1.9427508730233727,1944.7228268150627,1
724,363,1.9884026869950318,1961.7400280778886,1
725,364,2.022279648242113,1982.8872844695632,1
726,365,2.0088690234331272,1999.5518639394177,1
727,365,2.0347600895615696,2002.4364960913986,1
728,366,2.070442229783605,2044.0181184995847,1
729,367,2.073184435414134,1923.4181040327549,1
730,367,1.9973324408819055,1771.4936281622727,1
731,367,1.8864733936797304,1747.755166672344,1
732,368,1.7621726403860045,1691.2177074067215,1
733,369,1.7297078730209483,1649.6581242595892,1
734,369,1.626383059361664,1661.1939293494238,1
735,369,1.6110609217615028,1745.9230975295648,1
736,369,1.6310562459838533,1795.0336620143853,0
737,370,1.6624315620826196,1854.2610030651433,1
738,371,1.7126577883010585,1859.2518561567404,1
739,371,1.7786520849338265,1895.61409832128,1
740,372,1.8366293130784448,1876.3241788562702,1
741,373,1.935826990745409,1951.8080441631382,1
742,373,1.980967603439178,1956.9506001196785,1
743,374,2.0055953606156964,1801.1375929524258,1
744,375,1.9801051441426327,1765.6693462271298,1
745,375,2.0001842605598297,1660.8261947378546,1
746,374,1.8918126705980345,1810.7504773897454,1
747,374,1.822275317185508,1739.2732094709072,1
748,374,1.817781507839073,1839.588294754047,1
749,375,1.9012069051509255,1849.6938050819272,1
750,376,1.93165789294531,1837.861908720285,1
751,376,1.9442119322492675,1857.6932126594636,1
752,376,1.8892279741873437,1741.5686774495327,1
753,377,1.8721821164719568,1849.5163910032472,1
754,377,1.8750752207915666,1869.4864194762313,1
755,378,1.9051925184165766,1784.173169800958,1
756,379,1.9125079404374696,1839.0006220952878,1
757,379,1.8785956180834422,1728.2074467322066,1
758,380,1.8612358316625743,1814.3801877639676,1
759,380,1.8022553301799726,1783.0101920700288,1
760,379,1.7448451935424252,1798.220433606853,1
761,379,1.7115578622972438,1735.5603746838221,1
762,380,1.7053423444023685,1794.7920458617475,1
763,379,1.655658919136553,1804.336307822043,1
764,380,1.6354538581054592,1747.022756629919,1
765,381,1.635315345676752,1801.590195367398,1
766,380,1.6228287623801554,1775.9872810296636,1
767,380,1.6166295965057675,1833.081448743169,1
768,382,1.6154450978521404,1702.2205611927325,1
769,382,1.6038173856538256,1785.8051579757923,1
770,384,1.6767183092482527,1821.7242820500717,1
771,384,1.704739546302725,1822.2521183848119,1
772,384,1.6848220629774195,1761.398146080317,1
773,385,1.6469331604904904,1738.6371790260166,1
774,386,1.5940564027863935,1705.5988909338303,1
775,386,1.6096834581559485,1777.7882233666928,1
776,387,1.6123889572025336,1748.373651604309,1
777,388,1.6122432607639354,1858.017731903746,1
778,388,1.5982170471554653,1803.647423689986,1
779,389,1.5870592029252821,1781.020508524069,1
780,390,1.5245558753562154,1680.894895424426,1
781,390,1.4854744455699496,1709.1130651934386,1
782,389,1.439546734525115,1761.8996947573853,1
783,390,1.4899335201424653,1876.6066999403336,1
784,391,1.5856624728702124,1863.3240905199045,1
785,392,1.557727139364089,1766.5784184123115,1
786,393,1.5512153191670357,1785.1022076076247,1
787,392,1.5604334713140995,1818.215398878801,1
788,393,1.5973662834438467,1858.995573757672,1
789,394,1.6396301756442473,1824.9972463303945,1
790,394,1.669322227157903,1827.5466869087059,1
791,396,1.698613682203285,1825.0868248686104,1
792,397,1.72378166322722,1922.3481948246338,1
793,397,1.6998270868466665,1777.6402068408236,1
794,398,1.6968122893284898,1784.2428513055775,1
795,398,1.6794205546424328,1805.3936871097214,1
796,398,1.6826700039415328,1779.1229905195132,1
797,399,1.7221300820183316,1825.04169374252,1
798,399,1.7062307777799526,1761.743957980667,1
799,399,1.7025513720599212,1760.917558933676,1
800,399,1.6878905389676555,1757.6872889439396,1
801,400,1.78816692270195,1841.052137635446,1
802,400,1.7461835863000075,1701.223260866746,1
803,400,1.6814506394601698,1772.6178534661387,1
804,401,1.6345019295931529,1740.3851521844203,1
805,401,1.6730730444446533,1862.3589644658298,1
806,402,1.675450767612723,1718.2259836769304,1
807,403,1.673271748589481,1789.2364444646853,1
808,403,1.6587789122757564,1740.6956055896949,1
809,404,1.6758649963949492,1813.758367362038,1
810,405,1.669511701679527,1746.889164396049,1
811,405,1.6671045245746723,1859.9287128877027,1
812,406,1.6202923599541659,1746.1725648973138,1
813,406,1.6213052613461414,1794.0242487342323,1
814,405,1.5485913593072236,1722.8376840386597,1
815,406,1.535147533473445,1776.6065877654792,1
816,407,1.5454472288562577,1813.3764994196092,1
817,407,1.5538497695603835,1773.2131049283855,1
818,408,1.5539465586371966,1750.1563387300241,1
819,409,1.574160887709813,1772.057023559636,1
820,408,1.4980229301998322,1729.0208699489876,1
821,410,1.4841747827144791,1845.317840017349,1
822,410,1.4331506927162245,1719.313391504859,1
823,410,1.4658784670254283,1842.0705881217261,1
824,410,1.4546896388373525,1819.3810157498117,1
825,411,1.5149460510757808,1857.1015628697958,1
826,410,1.5533275328888867,1856.474667062728,1
827,411,1.520931404415108,1737.2229406087267,1
828,412,1.4607612083255956,1680.3556177630512,1
829,412,1.4626423178228138,1771.2029007487863,1
830,411,1.455200628566887,1779.5536248346682,1
831,412,1.4358735150654434,1656.4632517128568,1
832,412,1.4394869043879728,1724.647678322669,1
833,413,1.4435646696208722,1746.731539994559,1
834,414,1.3960307279149,1701.3170316157982,1
835,414,1.346726530181494,1657.785820877215,1
836,415,1.2742566412034368,1639.2878418987286,1
837,416,1.2324040661161275,1659.0344295043508,1
838,416,1.2286429182066212,1682.2616349855364,1
839,417,1.2655051734868996,1747.0141551687832,1
840,418,1.2944448985119967,1753.4631523620778,1
841,417,1.271781565312426,1680.5841259108015,1
842,418,1.2367897802933618,1660.0113272595852,1
843,419,1.1872545259788523,1659.4858967056027,1
844,419,1.1456910743830722,1665.3359360674426,1
845,420,1.1177115743896806,1664.566759595183,1
846,421,1.1237535811239712,1709.5676157523158,1
847,421,1.1781057523410858,1736.3303340746274,1
848,422,1.228863745785268,1776.496406815524,1
849,423,1.2435103329277164,1759.1289888853416,1
850,423,1.2608462577822106,1762.4058583371084,1
851,424,1.2505268347175653,1746.0445667636432,1
852,424,1.2146904915073111,1678.59997226834,1
853,424,1.2236643958957658,1770.6279087707,1
854,425,1.210289646026341,1756.8848460044685,1
855,425,1.1411533642732015,1778.114917561024,1
856,425,1.188670467537017,1724.2541949466267,1
857,426,1.2060635634876753,1687.1063084249497,1
858,426,1.2543120105869272,1697.6677760664415,1
859,426,1.2785226098452271,1703.9787836599442,1
860,427,1.3120326464188803,1754.306283621094,1
861,427,1.3504501479060653,1810.6631554732396,1
862,427,1.3579457029211404,1688.7586533313481,1
863,427,1.3666906753959824,1720.379772975604,1
864,428,1.360944220274871,1740.2473767320164,1
865,428,1.347946182446259,1707.520831231821,1
866,429,1.3754898152121235,1818.7263785043046,1
867,430,1.3672903609249667,1759.0306498431123,1
868,429,1.296223162417622,1717.395574039016,1
869,428,1.2814826062385314,1754.4758033794924,1
870,429,1.2684944207563356,1756.7854623892738,1
871,429,1.2631924772967973,1719.9772055798048,1
872,430,1.2671881993398788,1760.914289169581,1
873,431,1.2575582481120264,1690.6551317227318,1
874,431,1.2760092899446802,1732.6659832664602,1
875,431,1.2808783121270702,1769.2494892525053,1
876,432,1.2843235394011463,1722.4474737614798,1
877,432,1.285465633495099,1735.012186632365,1
878,433,1.2794120340929893,1761.730601115781,1
879,434,1.3016340257177905,1761.503221952557,1
880,434,1.335230377796249,1714.405641531757,1
881,433,1.2877185986583477,1714.4890337140691,1
882,434,1.336150075254096,1791.6580257024423,1
883,435,1.37753478970797,1816.6231367410799,1
884,435,1.3647602667275844,1826.10709954375,1
885,435,1.3099593937928034,1730.5556062325654,1
886,435,1.3358247415927467,1744.025089238105,1
887,436,1.3486712279426782,1694.7164120699717,1
888,437,1.3218424212597677,1676.6302967873569,1
889,437,1.2810918825748137,1625.9713896160729,1
890,438,1.2681514355448233,1689.7162222602287,1
891,438,1.259411000050794,1684.7809997308582,1
892,436,1.2645929636934585,1746.2701470874476,1
893,437,1.2640399342880546,1727.664893751863,1
894,437,1.2570515758593768,1731.5934808329791,1
895,437,1.2869355840481824,1778.327857266415,1
896,438,1.294159867232354,1706.587162416519,1
897,439,1.2933601905191798,1711.1728538797022,1
898,438,1.2540557747659933,1706.719438254029,1
899,439,1.2463890240665831,1715.6586936605338,1
900,440,1.2674374736963485,1739.8752256121093,1
901,439,1.2659171624530419,1706.529440941976,1
902,439,1.2616404837689148,1718.4573714340722,1
903,440,1.2578663961435832,1714.7580164922094,1
904,439,1.2513138338324648,1844.9242906734391,1
905,440,1.2212084017431386,1664.0087104899687,1
906,442,1.2222050682841779,1678.96157266647,1
907,442,1.230519719836534,1724.711343609046,1
908,443,1.2577853338370377,1724.965426735548,1
909,443,1.3070544542371059,1797.2988903476569,1
910,442,1.310490205920747,1790.8149152887465,1
911,443,1.3143816971353381,1718.4758165436508,1
912,442,1.2861807888591958,1656.4621597106545,1
913,442,1.2978268891864744,1681.7582328568562,1
914,443,1.2912000672833595,1683.6863195362332,1
915,444,1.2787030579917809,1696.93583435532,1
916,444,1.3336530466788754,1734.4337572957907,1
917,444,1.3154914453196496,1715.8630022799941,1
918,445,1.3104603055134787,1767.2332262828752,1
919,445,1.300755340978936,1690.1244556850463,1
920,446,1.3000120750028012,1701.389515735708,1
921,447,1.3046155692400359,1729.8795712247108,1
922,446,1.316807168280755,1724.0449188553155,1
923,447,1.3140722634789157,1680.8000943703037,1
924,448,1.274820479155133,1682.3909720098964,1
925,448,1.2580001767601166,1768.7490336517114,1
926,449,1.2570896734418961,1715.0093376052066,1
927,450,1.2803800967290206,1674.5103514179898,1
928,450,1.3354951435920237,1845.088273449517,1
929,451,1.3751699078373938,1801.7185430269583,1
930,452,1.402651344686239,1782.4865121456137,1
931,451,1.4074795682132133,1772.0939107360498,1
932,452,1.4138058056154557,1799.7444133228453,1
933,453,1.3918085129874815,1704.533953035114,1
934,452,1.3817136241410577,1761.939439676262,1
935,452,1.3826340416271228,1742.984228754111,1
936,453,1.4478518165255614,1764.0744995810671,1
937,453,1.4283864447652914,1758.4857660365024,1
938,455,1.4500962370769446,1853.0733665321118,1
939,456,1.4888888198683639,1822.7385640013565,1
940,455,1.5392431264646358,1907.9980973340105,1
941,456,1.5990552516955676,1813.2574493023117,1
942,457,1.5900716947747735,1740.6598760486534,1
943,457,1.6238606272325113,1872.60723123735,1
944,456,1.5619020734154716,1632.132162501055,1
945,456,1.541619972751478,1770.1073036472317,1
946,456,1.534540699986321,1732.0250804035377,1
947,455,1.4251581276644272,1687.0840708700803,1
948,456,1.4102178286891633,1714.846318421924,1
949,456,1.416047012718492,1785.7703949875743,1
950,457,1.4118360660890874,1730.1128265974753,1
951,458,1.403037864280205,1774.5396371613535,1
952,457,1.4714664304710652,1858.7416743317444,1
953,458,1.5025223270383798,1872.1994343189576,1
954,459,1.527083199615776,1858.6169050792469,1
955,460,1.511655368432658,1808.4360935192499,1
956,461,1.4881305827074487,1757.5834155523721,1
957,461,1.5572765522976848,1822.8708772119833,1
958,460,1.5766313772624974,1759.9049135840721,1
959,461,1.6258128264220144,1894.428732546465,1
960,462,1.636666551986819,1773.1934533094302,1
961,462,1.6521493247433636,1900.9831430203928,1
962,463,1.6040129336413165,1733.0879097850986,1
963,462,1.551129617862852,1753.5334102291504,1
964,462,1.5555065012964358,1727.403834692055,1
965,463,1.5763772220795051,1820.0316669146232,1
966,463,1.5737830585069967,1748.0257465298585,1
967,463,1.559506624353009,1681.9644133830925,1
968,464,1.5932379092721387,1853.3203063330318,1
969,466,1.6376784172590948,1719.6815640842185,1
970,466,1.6077334193014365,1724.75237681974,1
971,467,1.5781590766771108,1691.0295373014612,1
972,468,1.5691179764385228,1628.8278603257247,1
973,468,1.5508290479958948,1744.3360505399628,1
974,469,1.5232892834548597,1705.3132400585762,1
975,470,1.6167346379157481,1848.4490256362267,1
976,469,1.576882576621611,1724.8440556521634,1
977,470,1.578450005084173,1794.0594806046863,1
978,471,1.642731979982293,1690.3115482008734,1
979,472,1.5609726047675858,1653.3936449586236,1
980,473,1.5302052888398703,1686.5219570897318,1
981,474,1.5153056220424401,1734.9215610549759,1
982,475,1.509452373024087,1751.880294438083,1
983,475,1.4604084354030478,1694.2962868508685,1
984,477,1.4362873394460802,1735.2519664958043,1
985,477,1.4552944766715878,1760.7340089579104,1
986,478,1.5029828414510562,1783.912755720609,1
987,479,1.572254202556881,1792.4072615863267,1
988,477,1.5660056820670911,1766.1570671415413,1
989,478,1.5569330126183794,1761.3262906261455,1
990,479,1.5204120621514647,1688.6754946362205,1
991,479,1.4738475475192414,1726.5033687101775,1
992,479,1.3658177493271229,1618.321687825907,1
993,480,1.3479151774815608,1674.541497484653,1
994,480,1.3305875671590905,1671.209243732053,1
995,480,1.2883154614186956,1638.082156082464,1
996,479,1.2738520118452161,1636.8512452433488,1
997,479,1.299411748833117,1717.1051979044623,1
998,480,1.2995297510944368,1699.078278713255,1
999,480,1.2762744729747364,1710.7228910824144,1
